{
  "elements": [
    {
      "height": 75.08561532036614,
      "id": "9ndlk52y7",
      "inputs": [
        {
          "id": "u84gyj2iw",
          "x": -6.257134610030511,
          "y": 18.771403830091536
        },
        {
          "id": "4ivrq9r6s",
          "x": -6.257134610030511,
          "y": 56.3142114902746
        }
      ],
      "outputs": [
        {
          "id": "lnzf0ev0s",
          "x": 106.37128837051871,
          "y": 37.54280766018307
        }
      ],
      "state": false,
      "type": "AND",
      "width": 100.11415376048818,
      "x": 928.8508059047467,
      "y": 457.1333901244223
    },
    {
      "height": 75.08561532036614,
      "id": "8vcr5xefx",
      "inputs": [
        {
          "id": "15ywvern2",
          "x": -6.257134610030511,
          "y": 18.771403830091536
        },
        {
          "id": "v05h9r6c6",
          "x": -6.257134610030511,
          "y": 56.3142114902746
        }
      ],
      "outputs": [
        {
          "id": "7ddiojk65",
          "x": 106.37128837051871,
          "y": 37.54280766018307
        }
      ],
      "state": false,
      "type": "OR",
      "width": 100.11415376048818,
      "x": 1107.8048557516197,
      "y": 460.8876708904405
    }
  ],
  "wires": [],
  "gridSize": 22,
  "gridPosition": {
    "x": 323.457,
    "y": 174.169
  }
}